Nivel E,Nivel fac,Repetición,Corrida,y
0.6,0.001,1,1,0.9985557531628342
0.6,0.001,1,2,0.9990752699125923
0.6,0.001,2,1,0.9985557531628342
0.6,0.001,2,2,0.9990535667729605
0.6,0.01,1,1,0.9985557531628342
0.6,0.01,1,2,1.003561584056796
0.6,0.01,2,1,0.9985557531628342
0.6,0.01,2,2,1.003561584056796
0.6,0.1,1,1,0.9985557531628342
0.6,0.1,1,2,1.0501638825162143
0.6,0.1,2,1,0.9985557531628342
0.6,0.1,2,2,1.0501638825162143
